"question, query"
List all boardgames by GMT.,SELECT var_uri WHERE bra_open var_uri wdt_P31 wd_Q131436 sep_dot bra_close 
Who developed Skype?,SELECT var_uri WHERE bra_open wd_Q40984 wdt_P178 var_uri sep_dot bra_close 
Which people were born in Heraklion?,SELECT var_uri WHERE bra_open var_uri wdt_P19 wd_Q160544 sep_dot bra_close 
In which U.S. state is Area 51 located?,SELECT DISTINCT var_uri WHERE bra_open wd_Q177397 wdt_P131 var_obj sep_dot var_obj wdt_P131 var_uri sep_dot bra_close 
Who is the mayor of New York City?,SELECT DISTINCT var_uri WHERE bra_open wd_Q60 wdt_P6 var_uri sep_dot bra_close 
Where did Abraham Lincoln die?,SELECT DISTINCT var_uri WHERE bra_open wd_Q91 wdt_P20 var_uri bra_close 
Which airports does Air China serve?,SELECT DISTINCT var_uri WHERE bra_open wd_Q51747 wdt_P113 var_uri sep_dot bra_close 
Give me all actors starring in movies directed by and starring William Shatner.,SELECT DISTINCT var_uri WHERE bra_open var_film wdt_P57 wd_Q16297 ; wdt_P161 wd_Q16297 sep_dot var_film wdt_P161 var_uri sep_dot bra_close 
What are the official languages of the Philippines?,SELECT DISTINCT var_uri WHERE bra_open wd_Q928 wdt_P37 var_uri sep_dot bra_close 
Give me all Danish films.,SELECT DISTINCT var_uri WHERE bra_open var_type wdt_P279* wd_Q11424 sep_dot var_uri wdt_P31 var_type ; wdt_P495 wd_Q35 sep_dot bra_close 
Which movies starring Brad Pitt were directed by Guy Ritchie?,SELECT DISTINCT var_uri WHERE bra_open var_type wdt_P279* wd_Q11424 sep_dot var_uri wdt_P31 var_type ; wdt_P161 wd_Q35332 ; wdt_P57 wd_Q192990 sep_dot bra_close 
Give me the grandchildren of Bruce Lee.,SELECT DISTINCT var_uri WHERE bra_open wd_Q16397 wdt_P40 var_children sep_dot var_children wdt_P40 var_uri sep_dot bra_close 
Which other weapons did the designer of the Uzi develop?,SELECT DISTINCT var_uri WHERE bra_open var_type wdt_P279* wd_Q728 sep_dot wd_Q155644 wdt_P287 var_designer sep_dot var_uri wdt_P279 var_type ; wdt_P287 var_designer sep_dot FILTER ( var_uri != wd_Q155644) bra_close 
Who is the owner of Universal Studios?,SELECT DISTINCT var_uri WHERE bra_open wd_Q168383 wdt_P127 var_uri sep_dot bra_close 
Which state of the USA has the highest population density?,SELECT DISTINCT var_uri WHERE bra_open var_uri wdt_P31 wd_Q35657 ; wdt_P2046 var_area ; wdt_P1082 var_population sep_dot BIND(( var_population/ var_area) AS var_density) sep_dot bra_close ORDER BY DESC( var_density) LIMIT 1
Which monarchs were married to a German?,SELECT DISTINCT var_uri WHERE bra_open var_uri wdt_P106 wd_Q116 ; wdt_P26 var_spouse sep_dot var_spouse wdt_P27 wd_Q183 sep_dot bra_close 
Which organizations were founded in 1950?,"SELECT DISTINCT var_uri WHERE bra_open var_type wdt_P279* wd_Q43229 sep_dot var_uri wdt_P31 var_type sep_dot var_uri wdt_P571 var_foundedAt sep_dot FILTER CONTAINS(STR( var_foundedAt), ""1950"") bra_close "
Who created the comic Captain America?,SELECT DISTINCT var_uri WHERE bra_open wd_Q190679 wdt_P170 var_uri sep_dot bra_close 
Give me the Apollo 14 astronauts.,SELECT DISTINCT var_uri WHERE bra_open wd_Q178871 wdt_P1029 var_uri bra_close 
Who wrote the book The pillars of the Earth?,SELECT DISTINCT var_uri WHERE bra_open wd_Q1163227 wdt_P50 var_uri sep_dot bra_close 
Which state of the United States of America has the highest density?,SELECT DISTINCT var_uri WHERE bra_open var_uri wdt_P31 wd_Q35657 ; wdt_P2046 var_area ; wdt_P1082 var_population sep_dot BIND(( var_population/ var_area) AS var_density) sep_dot bra_close ORDER BY DESC( var_density) LIMIT 1
Which spaceflights were launched from Baikonur?,SELECT DISTINCT var_uri WHERE bra_open var_uri wdt_P1427 wd_Q177477 bra_close 
Give me a list of all trumpet players that were bandleaders.,SELECT DISTINCT var_uri WHERE bra_open var_uri wdt_P106 wd_Q158852 ; wdt_P1303 wd_Q8338 sep_dot bra_close 
Which U.S. states are in the same timezone as Utah?,SELECT DISTINCT var_uri WHERE bra_open wd_Q829 wdt_P421 var_timezone sep_dot var_uri wdt_P31 wd_Q35657 ; wdt_P421 var_timezone sep_dot FILTER( var_uri != wd_Q829) bra_close 
Who is the daughter of Ingrid Bergman married to?,SELECT DISTINCT var_uri WHERE bra_open wd_Q43247 wdt_P40 var_child sep_dot var_child wdt_P26 var_uri sep_dot bra_close 
Show me all museums in London.,SELECT DISTINCT var_uri WHERE bra_open var_uri wdt_P31 wd_Q33506 sep_dot var_uri wdt_P276 wd_Q84 sep_dot bra_close 
Who is the tallest player of the Atlanta Falcons?,SELECT DISTINCT var_uri WHERE bra_open var_uri wdt_P54 wd_Q272059 ; wdt_P2048 var_height sep_dot bra_close ORDER BY DESC( var_height) LIMIT 1
Give me all writers that won the Nobel Prize in literature.,SELECT var_uri WHERE bra_open var_uri wdt_P106 wd_Q36180 sep_dot var_uri wdt_P166 wd_Q37922 sep_dot bra_close 
Show me all basketball players that are higher than 2 meters.,SELECT DISTINCT var_uri WHERE bra_open var_uri wdt_P106 wd_Q3665646 sep_dot var_uri wdt_P2048 var_height sep_dot FILTER( var_height > 200) bra_close 
When was the Statue of Liberty built?,SELECT DISTINCT var_date WHERE bra_open wd_Q9202 wdt_P571 var_date sep_dot bra_close 
Which states border Illinois?,SELECT DISTINCT var_uri WHERE bra_open wd_Q1204 wdt_P47 var_uri sep_dot bra_close 
Who developed Minecraft?,SELECT DISTINCT var_uri WHERE bra_open wd_Q49740 wdt_P178 var_uri sep_dot bra_close 
Where did Hillel Slovak die?,SELECT DISTINCT var_uri WHERE bra_open wd_Q186924 wdt_P20 var_uri sep_dot bra_close 
What movies does Jesse Eisenberg play in?,SELECT DISTINCT var_uri WHERE bra_open var_uri wdt_P161 wd_Q219512 sep_dot bra_close 
Give all swimmers that were born in Moscow.,SELECT DISTINCT var_uri WHERE bra_open var_uri wdt_P106 wd_Q10843402 ; wdt_P19 wd_Q649 sep_dot bra_close 
Give me all cosmonauts.,SELECT DISTINCT var_uri WHERE bra_open var_uri wdt_P106 wd_Q11631 sep_dot bra_open var_uri wdt_P27 wd_Q15180 bra_close UNION bra_open var_uri wdt_P27 wd_Q159 bra_close bra_close 
Give me all Swiss non-profit organizations.,SELECT DISTINCT var_uri WHERE bra_open var_uri wdt_P31 wd_Q163740 sep_dot bra_open var_uri wdt_P159 wd_Q39 sep_dot bra_close UNION bra_open var_uri wdt_P159 var_city sep_dot var_city wdt_P31 wd_Q70208 bra_close bra_close 
Which presidents were born in 1945?,SELECT DISTINCT var_uri WHERE bra_open var_uri wdt_P39/wdt_P279 wd_Q30461 sep_dot var_uri wdt_P569 var_date sep_dot FILTER(year( var_date)=1945) bra_close 
What kind of music did Lou Reed play?,SELECT DISTINCT var_uri WHERE bra_open wd_Q189080 wdt_P136 var_uri sep_dot bra_close 
Where do the Red Sox play?,SELECT DISTINCT var_uri WHERE bra_open wd_Q213959 wdt_P115 var_uri bra_close 
Show a list of soccer clubs that play in the Bundesliga.,SELECT DISTINCT var_uri WHERE bra_open var_uri wdt_P31 wd_Q476028 ; wdt_P118 wd_Q82595 sep_dot bra_close 
Which bridges cross the Seine?,SELECT DISTINCT var_uri WHERE bra_open var_uri wdt_P31 wd_Q12280 ; wdt_P177 wd_Q1471 sep_dot bra_close 
How many films did Hal Roach produce?,SELECT (COUNT( var_uri) as var_c) WHERE bra_open var_uri wdt_P162 wd_Q72792 sep_dot bra_close 
Give me all Danish movies.,SELECT DISTINCT var_uri WHERE bra_open var_type wdt_P279* wd_Q11424 sep_dot var_uri wdt_P31 var_type ; wdt_P495 wd_Q35 sep_dot bra_close 
What is the most frequent cause of death?,SELECT var_uri WHERE bra_open var_s wdt_P509 var_uri sep_dot bra_close GROUP BY var_uri ORDER BY DESC(COUNT(DISTINCT var_s)) LIMIT 1
Who are the four youngest MVP basketball players?,"SELECT var_uri WHERE bra_open var_uri wdt_P106 wd_Q3665646 ; wdt_P569 var_birthDate ; wdt_P166 var_award sep_dot var_award rdfs_label var_awardLabel FILTER (CONTAINS(STR( var_awardLabel), ""MVP"") sep_or sep_or CONTAINS(STR( var_awardLabel), ""Most Valuable Player"")) sep_dot FILTER (LANGMATCHES(LANG( var_awardLabel), ""EN"" ) ) bra_close ORDER BY DESC( var_birthDate) LIMIT 4"
Give me all companies in Munich.,SELECT DISTINCT var_uri WHERE bra_open var_type wdt_P279* wd_Q4830453 sep_dot var_uri wdt_P31 var_type ; wdt_P159 wd_Q1726 sep_dot bra_close 
Give me the capitals of all countries that the Himalayas run through.,SELECT DISTINCT var_uri WHERE bra_open wd_Q5451 wdt_P17 var_country sep_dot var_country wdt_P36 var_uri sep_dot bra_close 
How many movies did Park Chan-wook direct?,SELECT (COUNT(DISTINCT var_uri) as var_count) WHERE bra_open var_uri wdt_P57 wd_Q315484 sep_dot bra_close 
Which rivers flow into a German lake?,SELECT DISTINCT var_uri WHERE bra_open var_uri wdt_P31 wd_Q4022 sep_dot var_lake wdt_P31 wd_Q23397 ; wdt_P17 wd_183 sep_dot var_uri wdt_P200 var_lake sep_dot bra_close 
How many airlines are there?,SELECT (COUNT(DISTINCT var_uri) AS var_uri) WHERE bra_open var_uri wdt_P31 wd_Q46970 bra_close 
Give me all islands that belong to Japan.,SELECT DISTINCT var_uri WHERE bra_open var_uri wdt_P31 wd_Q23442 ; wdt_P17 wd_Q17 sep_dot bra_close 
How many inhabitants does Maribor have?,SELECT DISTINCT var_uri WHERE bra_open wd_Q1010 wdt_P1082 var_uri sep_dot bra_close 
Give me all Apollo 14 astronauts.,SELECT DISTINCT var_uri WHERE bra_open wd_Q178871 wdt_P1029 var_uri bra_close 
Which companies have more than 1 million employees?,SELECT DISTINCT var_uri WHERE bra_open var_type wdt_P279* wd_Q4830453 sep_dot var_uri wdt_P31 var_type ; wdt_P1128 var_num sep_dot FILTER( var_num > 1000000) bra_close 
In which films directed by Garry Marshall was Julia Roberts starring?,SELECT DISTINCT var_uri WHERE bra_open var_uri wdt_P31 wd_Q11424 sep_dot var_uri wdt_P57 wd_Q315087 sep_dot var_uri wdt_P161 wd_Q40523 sep_dot bra_close 
Give me all soccer clubs in the Premier League.,SELECT DISTINCT var_uri WHERE bra_open var_uri wdt_P31 wd_Q476028 sep_dot var_uri wdt_P118 wd_Q9448 sep_dot bra_close 
What is the highest place of the Urals?,SELECT DISTINCT var_uri WHERE bra_open wd_Q35600 wdt_P610 var_uri sep_dot bra_close 
Who is the governor of Wyoming?,SELECT DISTINCT var_uri WHERE bra_open wd_Q1214 wdt_P6 var_uri sep_dot bra_close 
Where did the architect of the Eiffel Tower study?,SELECT DISTINCT var_uri WHERE bra_open wd_Q243 wdt_P84 var_x sep_dot var_x wdt_P69 var_uri bra_close 
Give me all world heritage sites designated within the past two years.,SELECT DISTINCT var_uri WHERE bra_open var_uri wdt_P31 wd_Q9259 ; wdt_P575 var_date sep_dot BIND(xsd_integer(YEAR( var_date)) as var_year) sep_dot BIND(xsd_integer(YEAR(NOW())) as var_currentYear) sep_dot FILTER( var_year < var_currentYear && var_year < ( var_currentYear - 2)) sep_dot bra_close 
Give me all actors who were born in Paris after 1950.,SELECT DISTINCT var_uri WHERE bra_open var_uri wdt_P106 wd_Q33999 ; wdt_P19 wd_Q90 ; wdt_P569 var_birthDate sep_dot BIND(YEAR( var_birthDate) as var_birthYear) sep_dot FILTER( var_birthYear > 1950) bra_close 
Which movies star both Liz Taylor and Richard Burton?,SELECT DISTINCT var_uri WHERE bra_open var_uri wdt_P161 wd_Q34851 sep_dot var_uri wdt_P161 wd_Q151973 sep_dot bra_close 
Give me all Australian nonprofit organizations.,SELECT DISTINCT var_uri WHERE bra_open var_uri wdt_P31 wd_Q163740 sep_dot bra_open var_uri wdt_P159 sep_or wdt_P17 wd_Q408 sep_dot bra_close UNION bra_open var_uri wdt_P159 sep_or wdt_P17 var_city sep_dot var_city wdt_P159 wd_Q408 bra_close bra_close 
Which pope succeeded John Paul II?,SELECT DISTINCT var_uri WHERE bra_open wd_Q989 <p_P39> var_position sep_dot var_position <p_statement/P39> wd_Q19546 sep_dot var_position <p_qualifier/P1366> var_uri bra_close 
Who was president of Pakistan in 1978?,SELECT DISTINCT var_uri WHERE bra_open var_uri wdt_P39 wd_Q473984 sep_dot var_uri p_P39 var_statement sep_dot var_statement pq_P580 var_startDate ; pq_P582 var_endDate sep_dot FILTER(YEAR( var_startDate) <= 1978 && YEAR( var_endDate) >= 1978) sep_dot bra_close 
Who is the owner of Rolls-Royce?,SELECT DISTINCT var_uri WHERE bra_open wd_Q243278 wdt_P127 var_uri sep_dot bra_close 
How many museums does Paris have?,SELECT DISTINCT var_uri WHERE bra_open var_uri wdt_P31 wd_Q33506 ; wdt_P131 wd_Q90 sep_dot bra_close 
Where was JFK assassinated?,SELECT DISTINCT var_uri WHERE bra_open wd_Q9696 wdt_P20 var_uri sep_dot bra_close 
Give me all federal chancellors of Germany.,SELECT DISTINCT var_uri WHERE bra_open var_uri wdt_P39 wd_Q4970706 sep_dot bra_close 
Which beer originated in Ireland?,SELECT DISTINCT var_uri WHERE bra_open VALUES var_beerType bra_open wd_Q44 wd_Q15075508 bra_close var_uri wdt_P31 var_beerType ; wdt_P17 wd_Q27 sep_dot bra_close 
To which countries does the Himalayan mountain system extend?,SELECT DISTINCT var_uri WHERE bra_open wd_Q5451 wdt_P17 var_uri sep_dot bra_close 
Which actors were born in Germany?,SELECT DISTINCT var_uri WHERE bra_open var_uri wdt_P106 wd_Q10800557 sep_dot bra_open var_uri wdt_P19 wd_Q183 sep_dot bra_close UNION bra_open var_uri wdt_P19/wdt_P17 wd_Q183 sep_dot bra_close bra_close 
Who produced the most films?,SELECT DISTINCT var_uri WHERE bra_open var_film wdt_P31 wd_Q11424 sep_dot var_film wdt_P162 var_uri sep_dot bra_close GROUP BY var_uri ORDER BY DESC(COUNT( var_film)) LIMIT 1
How many employees does Google have?,SELECT DISTINCT var_uri WHERE bra_open wd_Q95 wdt_P1128 var_uri sep_dot bra_close 
Give me all actors who were born in Berlin.,SELECT DISTINCT var_uri WHERE bra_open var_uri wdt_P106 wd_Q33999 ; wdt_P19 wd_Q64 sep_dot bra_close 
Who created Goofy?,SELECT DISTINCT var_uri WHERE bra_open wd_Q111135 wdt_P170 var_uri sep_dot bra_close 
Which music albums contain the song Last Christmas?,SELECT DISTINCT var_uri WHERE bra_open bra_open wd_Q1318118 wdt_P361 var_uri sep_dot bra_close UNION bra_open VALUES var_albumType bra_open wd_Q482994 wd_Q208569 bra_close var_uri wdt_P31 sep_or wdt_P7937 var_albumType ; wdt_P658 wd_Q1318118 sep_dot bra_close bra_close 
When was Alberta admitted as province?,SELECT DISTINCT var_date WHERE bra_open wd_Q1951 wdt_P571 var_date sep_dot bra_close 
How many missions does the Soyuz programme have?,SELECT (COUNT(DISTINCT var_uri) AS var_c) WHERE bra_open var_uri wdt_P361 wd_Q207329 bra_close 
Give me all the TV shows with Neil Patrick Harris.,SELECT var_uri WHERE bra_open var_type wdt_P279* wd_Q15416 sep_dot var_uri wdt_P161 wd_Q485310 sep_dot var_uri wdt_P31 var_type sep_dot bra_close 
When were the Hells Angels founded?,SELECT var_date WHERE bra_open wd_Q622188 wdt_P571 var_date sep_dot bra_close 
What is the net income of Apple?,SELECT DISTINCT var_uri WHERE bra_open wd_Q312 wdt_P2295 var_uri sep_dot bra_close 
Give me all Swedish holidays.,SELECT var_uri WHERE bra_open var_uri wdt_P31 wd_Q1401522 sep_dot bra_close 
In which city was the former Dutch queen Juliana buried?,SELECT DISTINCT var_uri WHERE bra_open wd_Q154946 wdt_P119 var_uri sep_dot bra_close 
List all the musicals with music by Leonard Bernstein.,SELECT DISTINCT var_uri WHERE bra_open var_uri wdt_P31 wd_Q2743 ; wdt_P86 wd_Q152505 sep_dot bra_close 
Give me all companies in the advertising industry.,SELECT DISTINCT var_uri WHERE bra_open var_uri wdt_P31 wd_Q4830453 ; wdt_P452 wd_Q39809 sep_dot bra_close 
Who killed John Lennon?,SELECT DISTINCT var_uri WHERE bra_open wd_Q1203 wdt_P157 var_uri sep_dot bra_close 
Which writers studied in Istanbul?,SELECT DISTINCT var_uri WHERE bra_open var_uri wdt_P106 wd_Q36180 sep_dot var_uri wdt_P69/wdt_P131 wd_Q406 sep_dot bra_close 
Give me all Australian metalcore bands.,SELECT DISTINCT var_uri WHERE bra_open var_uri wdt_P31 wd_Q215380 ; wdt_P495 wd_Q408 ; wdt_P136 wd_Q183862 sep_dot bra_close 
Which countries adopted the Euro?,SELECT DISTINCT var_uri WHERE bra_open var_uri wdt_P31 wd_Q6256 sep_dot var_uri wdt_P38 wd_Q4916 sep_dot bra_close 
Give me all types of eating disorders.,SELECT DISTINCT var_uri WHERE bra_open var_uri wdt_P279 wd_Q373822 sep_dot bra_close 
Was Marc Chagall a jew?,ASK WHERE bra_open wd_Q93284 wdt_P172 wd_Q7325 sep_dot bra_close 
What was Brazil's lowest rank in the FIFA World Ranking?,SELECT var_value WHERE bra_open wd_Q83459 p_P1352 var_statement sep_dot var_statement pq_P459 wd_Q180825 ; ps_P1352 var_value sep_dot bra_close ORDER BY DESC( var_value) LIMIT 1
How many films did Leonardo DiCaprio star in?,SELECT (COUNT(DISTINCT var_uri) AS var_c) WHERE bra_open var_uri wdt_P31 wd_Q11424 ; wdt_P161 wd_Q38111 sep_dot bra_close 
Was Margaret Thatcher a chemist?,ASK WHERE bra_open wd_Q7416 wdt_P106 wd_Q593644 sep_dot bra_close 
Which U.S. states are in the same time zone as Utah?,SELECT DISTINCT var_uri WHERE bra_open wd_Q829 wdt_P421 var_timezone sep_dot var_uri wdt_P31 wd_Q35657 ; wdt_P421 var_timezone sep_dot FILTER( var_uri != wd_Q829) bra_close 
Give me all books written by Danielle Steel.,SELECT DISTINCT var_uri WHERE bra_open var_uri wdt_P31 wd_Q571 sep_dot var_uri wdt_P50 wd_Q72653 sep_dot bra_close 
Which country has the most official languages?,SELECT DISTINCT var_uri WHERE bra_open var_uri wdt_P31 wd_Q6256 sep_dot var_uri wdt_P37 var_language sep_dot bra_close GROUP BY var_uri ORDER BY DESC(COUNT( var_language)) LIMIT 1
Which actor played Chewbacca?,SELECT DISTINCT var_uri WHERE bra_open wd_Q51803 wdt_P175 var_uri bra_close 
Give me all libraries established earlier than 1400.,SELECT DISTINCT var_uri WHERE bra_open var_uri wdt_P31 wd_Q7075 ; wdt_P571 var_date sep_dot FILTER (YEAR( var_date) < 1400 ) bra_close 
Which programming languages were influenced by Perl?,SELECT DISTINCT var_uri WHERE bra_open var_uri wdt_P31 wd_Q9143 ; wdt_P737 wd_Q42478 sep_dot bra_close 
In which U.S. state is Mount McKinley located?,SELECT DISTINCT var_uri WHERE bra_open wd_Q130018 wdt_P131 var_uri bra_close 
What airlines are part of the SkyTeam alliance?,SELECT DISTINCT var_uri WHERE bra_open var_uri wdt_P114 wd_Q212282 sep_dot bra_close 
Give me all Methodist politicians.,SELECT DISTINCT var_uri WHERE bra_open var_uri wdt_P106 wd_Q82955 ; wdt_P140 wd_Q33203 sep_dot bra_close 
What other books have been written by the author of The Fault in Our Stars?,SELECT DISTINCT var_uri WHERE bra_open wd_Q658375 wdt_P50 var_author sep_dot var_uri wdt_P50 var_author sep_dot FILTER( var_uri != wd_Q658375) bra_close 
What is the highest mountain?,SELECT DISTINCT var_uri WHERE bra_open var_uri wdt_P31 wd_Q8502 ; wdt_P2044 var_elevation sep_dot bra_close ORDER BY DESC( var_elevation) LIMIT 1
Which poet wrote the most books?,SELECT DISTINCT var_s1 WHERE bra_open var_s1 wdt_P106 wd_Q49757 sep_dot var_s2 wdt_P50 var_s1 sep_dot var_s2 wdt_P31 wd_Q571 sep_dot bra_close GROUP BY var_s1 ORDER BY DESC(COUNT( var_s2)) OFFSET 0 LIMIT 1
Which programming languages influenced Javascript?,SELECT DISTINCT var_uri WHERE bra_open wd_Q2005 wdt_P737 var_uri sep_dot bra_close 
Which musician wrote the most books?,SELECT DISTINCT var_uri WHERE bra_open var_uri wdt_P106 wd_Q639669 sep_dot var_x wdt_P31 wd_Q571 ; wdt_P50 var_uri sep_dot bra_close GROUP BY var_uri ORDER BY DESC(COUNT( var_x)) LIMIT 1
Which films starring Clint Eastwood did he direct himself?,SELECT DISTINCT var_uri WHERE bra_open var_uri wdt_P57 wd_Q43203 ; wdt_P161 wd_Q43203 sep_dot bra_close 
Which software has been developed by organizations founded in California?,SELECT DISTINCT var_uri WHERE bra_open var_uri wdt_P178 var_com ; wdt_P31* wd_Q17155032 sep_dot var_type wdt_P279* wd_Q4830453 sep_dot var_com wdt_P31 var_type ; wdt_P740 wd_Q99 sep_dot bra_close 
Which instruments does Cat Stevens play?,SELECT DISTINCT var_uri WHERE bra_open wd_Q154216 wdt_P1303 var_uri sep_dot bra_close 
How many airlines are members of the Star Alliance?,SELECT (COUNT(DISTINCT var_uri) as var_c) WHERE bra_open var_uri wdt_P114 wd_Q189709 sep_dot bra_close 
Give me all actors called Baldwin.,"SELECT DISTINCT var_uri WHERE bra_open var_uri wdt_P106 wd_Q33999 ; rdfs_label var_label sep_dot FILTER(CONTAINS( var_label, ""Baldwin"")) bra_close "
Who wrote The Hunger Games?,SELECT DISTINCT var_uri WHERE bra_open wd_Q11679 wdt_P50 var_uri sep_dot bra_close 
For which label did Elvis record his first album?,SELECT DISTINCT var_label WHERE bra_open wd_Q59150527 wdt_P527 var_uri sep_dot var_uri wdt_P577 var_date sep_dot var_uri wdt_P264 var_label sep_dot bra_close ORDER BY var_date LIMIT 1
Is Christian Bale starring in Batman Begins?,ASK WHERE bra_open wd_Q166262 wdt_P161 wd_Q45772 bra_close 
Where is the residence of the prime minister of Spain?,SELECT DISTINCT var_uri WHERE bra_open wd_Q844587 wdt_P263 var_uri bra_close 
Which actor was casted in the most movies?,SELECT DISTINCT var_uri WHERE bra_open var_uri wdt_P106 wd_Q33999 sep_dot var_film wdt_P161 var_uri sep_dot bra_close GROUP BY var_uri ORDER BY DESC(COUNT(DISTINCT( var_film))) LIMIT 1
Which countries have more than two official languages?,SELECT DISTINCT var_uri WHERE bra_open var_uri wdt_P31 wd_Q6256 sep_dot var_uri wdt_P37 var_language sep_dot bra_close GROUP BY var_uri HAVING(COUNT( var_language)>2)
Show me all songs from Bruce Springsteen released between 1980 and 1990.,SELECT DISTINCT var_uri WHERE bra_open var_uri wdt_P31 wd_Q7366 ; wdt_P577 var_date ; wdt_P175 wd_Q1225 sep_dot BIND(YEAR( var_date) as var_year) sep_dot FILTER( var_year >= 1980 && var_year <= 1990) bra_close 
Which television shows were created by John Cleese?,SELECT DISTINCT var_uri WHERE bra_open var_uri wdt_P31 wd_Q5398426 sep_dot bra_open var_uri wdt_P170 wd_Q25014 sep_dot bra_close UNION bra_open var_uri wdt_P170/wdt_P527 wd_Q25014 sep_dot bra_close bra_close 
When did Latvia join the EU?,SELECT DISTINCT var_date WHERE bra_open wd_Q211 <p_P463> var_membership sep_dot var_membership <p_statement/P463> wd_Q458 sep_dot var_membership <p_qualifier/P580> var_date sep_dot bra_close 
Which soccer players were born on Malta?,SELECT DISTINCT var_uri WHERE bra_open var_uri wdt_P106 wd_Q937857 ; wdt_P19 var_birthPlace sep_dot var_birthPlace wdt_P17 wd_Q233 sep_dot bra_close 
How many politicians graduated from Columbia University?,SELECT DISTINCT (COUNT(DISTINCT var_uri) AS var_c) WHERE bra_open var_uri wdt_P106 wd_Q82955 ; wdt_P69 wd_Q49088 sep_dot bra_close 
Give me the birthdays of all actors of the television show Charmed.,SELECT DISTINCT var_date WHERE bra_open wd_Q162371 wdt_P161/wdt_P569 var_date sep_dot bra_close 
Which telecommunications organizations are located in Belgium?,SELECT DISTINCT var_uri WHERE bra_open bra_open var_uri wdt_P31 wd_Q43229 bra_close UNION bra_open var_uri wdt_P31/(wdt_P279*) wd_Q43229 bra_close sep_dot var_uri wdt_P452 wd_Q418 sep_dot var_uri wdt_P17 wd_Q31 sep_dot bra_close 
Give me a list of all lakes in Denmark.,SELECT DISTINCT var_uri WHERE bra_open var_uri wdt_P31 wd_Q23397 ; wdt_P17 wd_Q35 sep_dot bra_close 
How many children does Eddie Murphy have?,SELECT (COUNT(DISTINCT var_uri) AS var_c) WHERE bra_open wd_Q43874 wdt_P40 var_uri sep_dot bra_close 
Show me all English Gothic buildings in Kent.,SELECT var_uri WHERE bra_open var_type wdt_P279* wd_Q176483 sep_dot var_uri wdt_P149 var_type ; wdt_P7959 wd_Q67479626 sep_dot bra_close 
In which countries can you pay using the West African CFA franc?,SELECT DISTINCT var_uri WHERE bra_open var_uri wdt_P38 wd_Q861690 sep_dot bra_close 
Which holidays are celebrated around the world?,SELECT DISTINCT var_uri WHERE bra_open var_type wdt_P279* wd_Q1445650 sep_dot var_uri wdt_P31 var_type sep_dot bra_close 
What is the longest river?,"SELECT DISTINCT var_uri WHERE bra_open var_uri wdt_P31 wd_Q4022 sep_dot var_uri p_P2043 var_stmnode sep_dot var_stmnode psv_P2043 var_valuenode sep_dot var_valuenode wikibase_quantityAmount var_length sep_dot var_valuenode wikibase_quantityUnit var_unit sep_dot var_valuenode wikibase_quantityLowerBound var_lowerbound sep_dot var_valuenode wikibase_quantityUpperBound var_upperbound sep_dot BIND(( var_upperbound- var_lowerbound)/2 AS var_precision) sep_dot BIND(IF( var_precision=0, var_length, (CONCAT(str( var_length), ""±"", str( var_precision)))) AS var_length2) sep_dot var_unit p_P2370 var_unitstmnode sep_dot var_unitstmnode psv_P2370 var_unitvaluenode sep_dot var_unitvaluenode wikibase_quantityAmount var_conversion sep_dot var_unitvaluenode wikibase_quantityUnit wd_Q11573 sep_dot BIND( var_length * var_conversion AS var_length_in_m) sep_dot bra_close ORDER BY DESC( var_length_in_m) LIMIT 1"
Which organizations were founded in 1930?,SELECT var_sub WHERE bra_open var_sub wdt_P571 var_year sep_dot var_sub wdt_P31/wdt_P131* wd_Q43229 sep_dot FILTER(year( var_year) = 1930) sep_dot bra_close 
What is the birth name of Angela Merkel?,SELECT DISTINCT var_name WHERE bra_open wd_Q567 wdt_P1477 var_name sep_dot bra_close 
Who has Tom Cruise been married to?,SELECT DISTINCT var_o1 WHERE bra_open wd_Q37079 wdt_P26 var_o1 sep_dot bra_close 
Which weapons did Heckler & Koch develop?,SELECT var_res WHERE bra_open var_res wdt_P176 wd_Q152815 sep_dot var_res wdt_P279*/wdt_P31 wd_Q15142889 sep_dot bra_close 
What is the smallest city by area in Germany?,SELECT var_res WHERE bra_open var_res wdt_P17 wd_Q183 sep_dot var_res wdt_P31/wdt_P279* wd_Q515 sep_dot var_res wdt_P1082 var_inhabitants sep_dot bra_close ORDER BY var_inhabitants LIMIt 1
What is the ruling party in Lisbon?,SELECT var_res WHERE bra_open var_mayor wdt_P31 wd_Q5 sep_dot var_mayor p_P39 __a sep_dot __a ps_P39 wd_Q43185970 sep_dot __a pq_P580 var_date sep_dot var_mayor wdt_P102 var_res sep_dot bra_close ORDER BY DESC( var_date) LIMIT 1
How heavy is Jupiter's lightest moon?,SELECT var_mass WHERE bra_open var_res wdt_P31 wd_Q61702557 sep_dot var_res wdt_P2067 var_mass sep_dot bra_close ORDER BY var_mass LIMIT 1
How many employees does IBM have?,SELECT var_emloyees WHERE bra_open wd_Q37156 wdt_P1128 var_emloyees sep_dot bra_close 
List all episodes of the first season of the HBO television series The Sopranos!,SELECT (COUNT( var_episode) AS var_count) WHERE bra_open var_episode wdt_P4908 wd_Q5274359 sep_dot bra_close 
Does the new Battlestar Galactica series have more episodes than the old one?,ASK WHERE bra_open wd_Q237072 wdt_P1113 var_newNumOfEpisodes sep_dot wd_Q2367132 wdt_P1113 var_oldNumOfEpisodes sep_dot FILTER ( var_newNumOfEpisodes > var_oldNumOfEpisodes) bra_close 
Give me all films produced by Hal Roach.,SELECT DISTINCT var_uri WHERE bra_open var_uri wdt_P31 wd_Q11424 sep_dot var_uri wdt_P162 wd_Q72792 sep_dot bra_close 
Who played Agent Smith in Matrix?,SELECT var_res WHERE bra_open wd_Q83495 p_P161 __a sep_dot __a pq_P453 wd_Q2085488 sep_dot __a ps_P161 var_res sep_dot bra_close 
Which Greek parties are pro-European?,SELECT DISTINCT var_uri WHERE bra_open var_uri wdt_P31 wd_Q7278 ; wdt_P17 wd_Q41 ; wdt_P1142 wd_Q3781399 sep_dot bra_close 
Give me a list of all bandleaders that play trumpet.,SELECT var_res WHERE bra_open var_res wdt_P106 wd_Q806349 sep_dot var_res wdt_P1303 wd_Q8338 sep_dot bra_close 
What is the second highest mountain on Earth?,SELECT var_res WHERE bra_open var_res wdt_P31/wdt_P279* wd_Q8502 sep_dot var_res wdt_P2044 var_elevation sep_dot var_res wdt_P30/wdt_P361 wd_Q2 sep_dot bra_close ORDER BY DESC( var_elevation) LIMIT 1 OFFSET 1
Is Egypts largest city also its capital?,ASK WHERE bra_open bra_open SELECT var_largest WHERE bra_open var_largest wdt_P31 wd_Q515 sep_dot var_largest wdt_P17 wd_Q79 sep_dot var_largest wdt_P1082 var_population sep_dot bra_close ORDER BY DESC( var_population) LIMIT 1 bra_close wd_Q79 wdt_P36 var_largest sep_dot bra_close 
Which rockets were launched from Baikonur?,SELECT DISTINCT var_uri WHERE bra_open var_uri wdt_P279* wd_Q41291 sep_dot var_uri wdt_P1427 wd_Q177477 sep_dot bra_close 
How many programming languages are there?,SELECT (COUNT(DISTINCT var_sub) AS var_count) WHERE bra_open var_sub wdt_P31/wdt_P279* wd_Q9143 sep_dot bra_close 
Which Chess players died in the same place they were born in?,SELECT DISTINCT var_uri WHERE bra_open var_uri wdt_P19 __a sep_dot var_uri wdt_P20 __a sep_dot var_uri wdt_P106/wdt_P279* wd_Q10873124 sep_dot bra_close 
Who is the owner of Facebook?,SELECT var_res WHERE bra_open wd_Q380 wdt_P127 var_res sep_dot bra_close 
Give me all movies with Tom Cruise.,SELECT DISTINCT var_uri WHERE bra_open var_uri wdt_P161 wd_Q37079 sep_dot bra_close 
In which U.S. state is Fort Knox located?,SELECT var_res WHERE bra_open wd_Q983650 wdt_P131+ var_res sep_dot var_res wdt_P31 wd_Q35657 sep_dot bra_close 
Give me all cities in New Jersey with more than 100000 inhabitants.,SELECT DISTINCT var_uri WHERE bra_open var_uri wdt_P31 wd_Q515 sep_dot var_uri wdt_P131+ wd_Q1408 sep_dot var_uri wdt_P1082 var_population sep_dot FILTER( var_population > 100000) bra_close 
Which mountains are higher than the Nanga Parbat?,SELECT DISTINCT var_uri WHERE bra_open var_uri wdt_P31 wd_Q8502 sep_dot var_uri p_P2044 var_stmnode sep_dot var_stmnode psv_P2044 var_valuenode sep_dot var_valuenode wikibase_quantityAmount var_elevation sep_dot var_valuenode wikibase_quantityUnit var_unit sep_dot wd_Q130736 wdt_P2044 var_elevationNangaParbat sep_dot FILTER( var_unit = wd_Q11573) FILTER ( var_elevation > var_elevationNangaParbat) bra_close 
Give me all B-sides of the Ramones.,SELECT var_res WHERE bra_open var_res wdt_P175 wd_Q483407 sep_dot var_res p_P1433 __a sep_dot __a pq_P2868 wd_Q13432985 sep_dot bra_close 
When was Olof Palme shot?,SELECT DISTINCT var_date WHERE bra_open wd_Q53713 <p_P570> var_date bra_close 
List the seven kings of Rome.,SELECT * WHERE bra_open var_res wdt_P39 wd_Q55375123 sep_dot bra_close 
Give me all people that were born in Vienna and died in Berlin.,SELECT var_uri WHERE bra_open bra_open var_uri wdt_P19/wdt_P131* wd_Q1741 sep_dot bra_open SELECT var_uri WHERE bra_open var_uri wdt_P20 wd_Q64 sep_dot bra_close bra_close bra_close UNION bra_open var_uri wdt_P20/wdt_P131* wd_Q64 sep_dot bra_open SELECT var_uri WHERE bra_open var_uri wdt_P19 wd_Q1741 sep_dot bra_close bra_close bra_close UNION bra_open var_uri wdt_P19/wdt_P131+ wd_Q1741 sep_dot bra_open SELECT var_uri WHERE bra_open var_uri wdt_P20/wdt_P131+ wd_Q64 sep_dot bra_close bra_close bra_close bra_close 
Is Darth Vader Luke’s father?,ASK WHERE bra_open wd_Q12206942 wdt_P40 wd_Q51746 sep_dot bra_close 
Show me all the breweries in Australia.,SELECT DISTINCT var_uri WHERE bra_open var_uri wdt_P31 wd_Q131734 sep_dot var_uri wdt_P17 wd_Q408 sep_dot bra_close 
Give me all films produced by Steven Spielberg with a budget of at least $80 million.,SELECT DISTINCT var_uri WHERE bra_open var_uri wdt_P162 wd_Q8877 ; wdt_P31/wdt_P279* wd_Q11424 ; wdt_P2130 var_cost sep_dot FILTER( var_cost > 80000000) bra_close 
Give me all soccer clubs in Spain.,SELECT DISTINCT var_uri WHERE bra_open var_uri wdt_P31 wd_Q476028 sep_dot var_uri wdt_P17 wd_Q29 sep_dot bra_close 
Who produced films starring Natalie Portman?,SELECT DISTINCT var_uri WHERE bra_open var_film wdt_P31 wd_Q11424 sep_dot var_film wdt_P161 wd_Q37876 sep_dot var_film wdt_P162 var_uri sep_dot bra_close 
Give me all breeds of the German Shepherd dog.,SELECT DISTINCT var_uri WHERE bra_open var_uri wdt_P279* wd_Q38280 FILTER( var_uri != wd_Q38280) bra_close 
Who is the heaviest player of the Chicago Bulls?,"SELECT DISTINCT var_uri WHERE bra_open var_uri wdt_P54 wd_Q128109 ; p_P54 var_memberOfStatement sep_dot var_memberOfStatement a wikibase_BestRank; var__ wd_Q128109 ; pq_P580 var_startTime sep_dot MINUS bra_open var_memberOfStatement pq_P582 var_endTime sep_dot bra_close MINUS bra_open var_uri wdt_P2032 var_endCareer sep_dot bra_close var_uri p_P2067 var_stmnode sep_dot var_stmnode psv_P2067 var_valuenode sep_dot var_valuenode wikibase_quantityAmount var_mass sep_dot var_valuenode wikibase_quantityUnit var_unit sep_dot BIND(IF( var_unit = wd_Q11570, var_mass, var_mass*0.453592) AS var_massUnified) bra_close ORDER BY DESC( var_massUnified) LIMIT 1"
Which languages are spoken in Estonia?,SELECT * WHERE bra_open wd_Q191 wdt_P2936 var_lang sep_dot bra_close 
What is the largest country in the world?,SELECT DISTINCT var_uri WHERE bra_open var_uri wdt_P31/wdt_P279* wd_Q3624078 sep_dot var_uri wdt_P2046 var_area sep_dot bra_close ORDER BY DESC( var_area) LIMIT 1
What is the largest city in america?,SELECT var_res WHERE bra_open var_res wdt_P17 wd_Q30 sep_dot var_res wdt_P31/wdt_P279* wd_Q515 sep_dot var_res wdt_P1082 var_population sep_dot bra_close ORDER BY DESC( var_population) LIMIT 1
Who was the pope that founded the Vatican Television?,SELECT var_res WHERE bra_open wd_Q1471987 wdt_P571 var_founded sep_dot var_res wdt_P39 wd_Q19546 sep_dot var_res p_P39 __a sep_dot __a ps_P39 wd_Q19546 sep_dot __a pq_P580 var_start sep_dot __a pq_P582 var_end sep_dot FILTER( var_start <= var_founded && var_founded <= var_end) sep_dot bra_close 
Who discovered Ceres?,SELECT DISTINCT var_uri WHERE bra_open wd_Q596 wdt_P61 var_uri sep_dot bra_close 
Who is the king of the Netherlands?,SELECT DISTINCT var_uri WHERE bra_open wd_Q55 wdt_P35 var_uri sep_dot var_uri wdt_P39 wd_Q2045066 sep_dot bra_close 
Is Cola a beverage?,ASK WHERE bra_open wd_Q134041 wdt_P279+ wd_Q40050 sep_dot bra_close 
What is the alma mater of the chancellor of Germany Angela Merkel?,SELECT var_res WHERE bra_open wd_Q567 wdt_P69 var_res sep_dot var_res wdt_P31/wdt_P279* wd_Q3918 sep_dot bra_close 
Who wrote the book Les Piliers de la terre?,SELECT DISTINCT var_res WHERE bra_open wd_Q1163227 wdt_P50 var_res sep_dot bra_close 
Which airports does Yeti Airlines serve?,SELECT DISTINCT var_uri WHERE bra_open wd_Q1480118 wdt_P113 var_uri sep_dot bra_close 
Where is the birthplace of Goethe?,SELECT var_res WHERE bra_open wd_Q5879 wdt_P19 var_res sep_dot bra_close 
Was the Cuban Missile Crisis earlier than the Bay of Pigs Invasion?,ASK WHERE bra_open wd_Q128160 wdt_P582 var_date1 sep_dot wd_Q191721 wdt_P580 var_date2 sep_dot FILTER( var_date1 < var_date2) bra_close 
Which ingredients do I need for carrot cake?,SELECT DISTINCT var_uri WHERE bra_open wd_Q656071 wdt_P527 var_uri sep_dot bra_close 
Who created Wikipedia?,SELECT DISTINCT var_uri WHERE bra_open wd_Q52 wdt_P112 var_uri sep_dot bra_close 
What is the highest mountain in Saxony Germany?,SELECT var_res WHERE bra_open var_res wdt_P31 wd_Q8502 sep_dot var_res wdt_P131+ wd_Q1202 sep_dot var_res wdt_P2044 var_height sep_dot bra_close ORDER BY DESC( var_height) LIMIT 1
Who is the current federal minister of finance in Germany?,SELECT var_res WHERE bra_open var_res p_P39 __a sep_dot __a ps_P39 wd_Q22575092 sep_dot _a pq_P580 var_start sep_dot bra_close ORDER BY DESC( var_start) LIMIT 1
In which country is Mecca located?,SELECT DISTINCT var_res WHERE bra_open wd_Q5806 wdt_P131+ var_res sep_dot var_res wdt_P31 wd_Q6256 sep_dot bra_close 
Who played Gus Fring in Breaking Bad?,SELECT DISTINCT var_uri WHERE bra_open wd_Q5620660 ^<p_qualifier/P453>/<p_statement/P161> var_uri bra_close 
In which country does the Nile start?,SELECT DISTINCT var_res WHERE bra_open wd_Q3392 wdt_P885/wdt_P17 var_res sep_dot bra_close 
In which state Penn State University is located?,SELECT var_res WHERE bra_open wd_Q739627 wdt_P131 var_res sep_dot var_res wdt_P31/wdt_P279* wd_Q106458883 sep_dot bra_close 
What is the biggest stadium in Spain?,SELECT DISTINCT var_uri WHERE bra_open bra_open var_uri wdt_P31 wd_Q483110 sep_dot bra_close UNION bra_open var_uri wdt_P31 var_type sep_dot var_type wdt_P279 wd_Q483110 bra_close var_uri wdt_P17 wd_Q29 sep_dot var_uri wdt_P1083 var_num sep_dot bra_close ORDER BY DESC( var_num) LIMIT 1
How large is the area of UK?,SELECT var_area WHERE bra_open wd_Q145 wdt_P2046 var_area sep_dot bra_close 
Who created Batman?,SELECT DISTINCT var_uri WHERE bra_open wd_Q2695156 wdt_P170 var_uri sep_dot bra_close 
Was Sigmund Freud married?,ASK WHERE bra_open wd_Q9215 wdt_P26 var_o1 sep_dot bra_close 
Who are the developers of DBpedia?,SELECT DISTINCT var_uri WHERE bra_open wd_Q465 wdt_P112 var_uri sep_dot bra_close 
Give me all movies directed by Francis Ford Coppola.,SELECT DISTINCT var_uri WHERE bra_open var_uri wdt_P31/wdt_P279* wd_Q11424 ; wdt_P57 wd_Q56094 sep_dot bra_close 
Are tree frogs a type of amphibian?,ASK WHERE bra_open wd_Q53696 wdt_P171* wd_Q10908 sep_dot bra_close 
What is the location of the Houses of Parliament?,SELECT DISTINCT var_uri WHERE bra_open wd_Q62408 wdt_P131 var_uri sep_dot bra_close 
how much is the elevation of Düsseldorf Airport ?,SELECT DISTINCT var_uri WHERE bra_open wd_Q58226 wdt_P2044 var_uri sep_dot bra_close 
How much is the population of mexico city ?,SELECT DISTINCT var_uri WHERE bra_open wd_Q1489 wdt_P1082 var_uri sep_dot bra_close 
when was the founding date of french fifth republic?,SELECT DISTINCT var_uri WHERE bra_open wd_Q200686 wdt_P571 var_uri sep_dot bra_close 
Who was the first King of England?,SELECT DISTINCT var_uri WHERE bra_open var_uri wdt_P39 wd_Q18810062 sep_dot var_uri p_P39 var_stmnode sep_dot var_stmnode pq_P580 var_startDate sep_dot bra_close ORDER BY var_startDate LIMIT 1
Who is the editor of Forbes?,SELECT DISTINCT var_uri WHERE bra_open wd_Q25161472 wdt_P98 var_uri sep_dot bra_close 
Which awards did Douglas Hofstadter win?,SELECT DISTINCT var_uri WHERE bra_open wd_Q319308 wdt_P166 var_uri sep_dot bra_close 
Who is the youngest Darts player?,SELECT DISTINCT var_uri WHERE bra_open var_uri wdt_P106 wd_Q18574233 ; wdt_P569 var_dateOfBirth sep_dot bra_close ORDER BY DESC( var_dateOfBirth) LIMIT 1
Is horse racing a sport?,ASK WHERE bra_open wd_Q187916 wdt_P279* wd_Q349 sep_dot bra_close 
Which river does the Brooklyn Bridge cross?,SELECT DISTINCT var_uri WHERE bra_open wd_Q125006 wdt_P177 var_uri sep_dot bra_close 
How many people live in Poland?,SELECT DISTINCT var_uri WHERE bra_open wd_Q36 wdt_P1082 var_uri bra_close 
When was the last episode of the TV series Friends aired?,SELECT DISTINCT var_uri WHERE bra_open wd_Q79784 wdt_P582 var_uri sep_dot bra_close 
Is the wife of president Obama called Michelle?,"ASK WHERE bra_open wd_Q76 wdt_P26 var_wife sep_dot var_wife rdfs_label var_name sep_dot FILTER regex( var_name, ""Michelle"") bra_close "
Who is 8th president of US?,SELECT DISTINCT var_uri WHERE bra_open wd_Q30 p_P6 var_statement sep_dot var_statement pq_P580 var_startTime ; ps_P6 var_uri sep_dot bra_close ORDER BY var_startTime OFFSET 7 LIMIT 1
how much is the total population of european union?,SELECT DISTINCT var_uri WHERE bra_open wd_Q458 wdt_P1082 var_uri sep_dot bra_close 
Give me all launch pads operated by NASA.,SELECT DISTINCT var_uri WHERE bra_open var_uri wdt_P31 wd_Q194188 ; wdt_P137 wd_Q23548 sep_dot bra_close 
Who developed the video game World of Warcraft?,SELECT DISTINCT var_uri WHERE bra_open wd_Q131007 wdt_P178 var_uri sep_dot bra_close 
What is the birth name of Adele?,SELECT var_name WHERE bra_open wd_Q23215 wdt_P1477 var_name sep_dot bra_close 
What is the population of Cairo?,SELECT DISTINCT var_val WHERE bra_open wd_Q85 wdt_P1082 var_val sep_dot bra_close 
Is Frank Herbert still alive?,ASK WHERE bra_open wd_Q7934 wdt_P570 var_date sep_dot FILTER(!BOUND( var_date)) bra_close 
What is the last work of Dan Brown?,SELECT DISTINCT var_uri WHERE bra_open var_uri wdt_P50 wd_Q7345 ; wdt_P577 var_date sep_dot bra_close ORDER BY DESC( var_date) LIMIT 1
Where is Sungkyunkwan University?,SELECT DISTINCT var_uri WHERE bra_open VALUES var_p bra_open wdt_P17 wdt_P276 wdt_P131 bra_close wd_Q41085 var_p var_uri sep_dot bra_close 
Who is the author of the interpretation of dreams?,SELECT DISTINCT var_uri WHERE bra_open wd_Q726382 wdt_P50 var_uri sep_dot bra_close 
When was the death of Shakespeare?,SELECT DISTINCT var_uri WHERE bra_open wd_Q692 wdt_P570 var_uri sep_dot bra_close 
Who developed Slack?,SELECT DISTINCT var_uri WHERE bra_open var_uri wdt_P1056 wd_Q17130715 bra_close 
In which year was Rachel Stevens born?,SELECT DISTINCT var_year WHERE bra_open wd_Q241665 wdt_P569 var_date sep_dot BIND(YEAR( var_date) as var_year) bra_close 
How often did Jane Fonda marry?,SELECT (COUNT(DISTINCT var_uri) as var_c) WHERE bra_open wd_Q41142 wdt_P26 var_uri sep_dot bra_close 
Was the wife of president Lincoln called Mary?,"ASK WHERE bra_open wd_Q91 wdt_P26 var_spouse sep_dot var_spouse rdfs_label> var_name sep_dot FILTER(regex( var_name,'Mary')) bra_close "
In which programming language is GIMP written?,SELECT DISTINCT var_uri WHERE bra_open wd_Q8038 wdt_P277 var_uri sep_dot bra_close 
Which university did Angela Merkel attend?,SELECT DISTINCT var_uri WHERE bra_open VALUES var_types bra_open wd_Q3918 wd_Q875538 bra_close wd_Q567 wdt_P69 var_uri sep_dot var_uri wdt_P31 var_types sep_dot bra_close 
List all the musicals with music by Elton John.,SELECT DISTINCT var_uri WHERE bra_open var_uri wdt_P31/wdt_P279* wd_Q58483083 ; wdt_P86 wd_Q2808 sep_dot bra_close 
What is the longest river in the world?,"SELECT DISTINCT var_uri WHERE bra_open var_uri wdt_P31 wd_Q4022 sep_dot var_uri p_P2043 var_stmnode sep_dot var_stmnode psv_P2043 var_valuenode sep_dot var_valuenode wikibase_quantityAmount var_length sep_dot var_valuenode wikibase_quantityUnit var_unit sep_dot var_valuenode wikibase_quantityLowerBound var_lowerbound sep_dot var_valuenode wikibase_quantityUpperBound var_upperbound sep_dot BIND(( var_upperbound- var_lowerbound)/2 AS var_precision) sep_dot BIND(IF( var_precision=0, var_length, (CONCAT(str( var_length), ""±"", str( var_precision)))) AS var_length2) sep_dot var_unit p_P2370 var_unitstmnode sep_dot var_unitstmnode psv_P2370 var_unitvaluenode sep_dot var_unitvaluenode wikibase_quantityAmount var_conversion sep_dot var_unitvaluenode wikibase_quantityUnit wd_Q11573 sep_dot BIND( var_length * var_conversion AS var_length_in_m) sep_dot bra_close ORDER BY DESC( var_length_in_m) LIMIT 1"
When was John Adams born?,SELECT DISTINCT var_val WHERE bra_open wd_Q11806 wdt_P569 var_val sep_dot bra_close 
Which companies produce hovercrafts?,SELECT DISTINCT var_uri WHERE bra_open var_hovercraft wdt_P31/wdt_P279* wd_Q185757 ; wdt_P176 var_uri sep_dot bra_close 
Who was the wife of U.S. president Lincoln?,SELECT DISTINCT var_uri WHERE bra_open wd_Q91 wdt_P26 var_uri sep_dot bra_close 
Which species does an elephant belong?,SELECT DISTINCT var_uri WHERE bra_open wd_Q7378 wdt_P279 var_uri sep_dot bra_close 
How many people live in the capital of Australia?,SELECT DISTINCT var_number WHERE bra_open wd_Q408 wdt_P36 var_uri sep_dot var_uri wdt_P1082 var_number sep_dot bra_close 
In which ancient empire could you pay with cocoa beans?,SELECT DISTINCT var_uri WHERE bra_open var_uri wdt_P38 wd_Q208008 sep_dot bra_close 
How many theories did Albert Einstein come up with?,SELECT (COUNT(DISTINCT var_uri) as var_cnt) WHERE bra_open wd_Q937 wdt_P800 var_uri sep_dot bra_close 
Who composed the soundtrack for Cameron's Titanic?,SELECT DISTINCT var_uri WHERE bra_open wd_Q44578 wdt_P86 var_uri bra_close 
Give me the runtime of Toy Story.,SELECT var_val WHERE bra_open wd_Q171048 wdt_P2047 var_val sep_dot bra_close 
With how many countries Iran has borders?,SELECT var_uri WHERE bra_open wd_Q794 wdt_P47 var_uri sep_dot bra_close 
Which electronics companies were founded in Beijing?,SELECT DISTINCT var_company WHERE bra_open var_company wdt_P452 wd_Q581105 ; wdt_P740 wd_Q956 sep_dot bra_close 
Who was the successor of John F. Kennedy?,SELECT var_uri WHERE bra_open wd_Q9696 p_P39 var_statement sep_dot var_statement ps_P39 wd_Q11696 ; pq_P1366 var_uri sep_dot bra_close 
Who is the mayor of Paris?,SELECT DISTINCT var_uri WHERE bra_open wd_Q90 wdt_P6 var_uri sep_dot bra_close 
Did Arnold Schwarzenegger attend a university?,ASK WHERE bra_open wd_Q2685 wdt_P69 var_uri sep_dot var_uri wdt_P31/wdt_P279* wd_Q3918 sep_dot bra_close 
Is James Bond married?,ASK WHERE bra_open wd_Q2009573 wdt_P26 var_o1 sep_dot bra_close 
Does the Isar flow into a lake?,ASK WHERE bra_open wd_Q106588 wdt_P403 var_uri sep_dot var_uri wdt_P31 wd_Q23397 sep_dot bra_close 
Which Indian company has the most employees?,SELECT DISTINCT var_uri WHERE bra_open var_uri wdt_P31 wd_Q4830453 sep_dot var_uri wdt_P17 wd_Q668 sep_dot var_uri wdt_P1128 var_employees sep_dot bra_close ORDER BY DESC( var_employees) LIMIT 1
Who was John F. Kennedy's vice president?,SELECT var_uri WHERE bra_open wd_Q9696 p_P39 var_presStatement sep_dot var_presStatement ps_P39 wd_Q11696 ; pq_P580 var_startPres ; pq_P582 var_endPres sep_dot var_uri p_P39 var_viceStatement sep_dot var_viceStatement ps_P39 wd_Q11699 ; pq_P580 var_startVice ; pq_P582 var_endVice sep_dot FILTER( var_startVice >= var_startPres && var_startVice <= var_endPres) bra_close 
Which country does the creator of Miffy come from?,SELECT var_uri WHERE bra_open wd_Q1501505 wdt_P170 var_creator sep_dot var_creator wdt_P27 var_uri sep_dot bra_close 
In what city is the Heineken brewery?,SELECT DISTINCT var_uri WHERE bra_open wd_Q854383 wdt_P176/wdt_P159 var_uri sep_dot bra_close 
Is Barack Obama a democrat?,ASK WHERE bra_open wd_Q76 wdt_P102 wd_Q29552 sep_dot bra_close 
List the children of Margaret Thatcher.,SELECT DISTINCT var_uri WHERE bra_open wd_Q7416 wdt_P40 var_uri sep_dot bra_close 
how big is the total area of North Rhine- Westphalia?,SELECT DISTINCT var_val WHERE bra_open wd_Q1198 wdt_P2046 var_val sep_dot bra_close 
Which city has the most inhabitants?,SELECT DISTINCT var_uri WHERE bra_open var_uri wdt_P31/wdt_279* wd_Q515 ; wdt_P1082 var_population sep_dot bra_close ORDER BY DESC( var_population) LIMIT 1
What is Donald Trump's main business?,SELECT DISTINCT var_uri WHERE bra_open var_uri wdt_P488 wd_Q22686 ; wdt_P31/wdt_P279* wd_Q4830453 sep_dot MINUS bra_open var_uri wdt_P576 var_closed bra_close bra_close 
When will start the final match of the football world cup 2018?,SELECT DISTINCT var_val WHERE bra_open wd_Q170645 wdt_P3967 var_finalEvent sep_dot var_finalEvent wdt_P580 var_val sep_dot bra_close 
Which films did Stanley Kubrick direct?,SELECT DISTINCT var_uri WHERE bra_open var_uri wdt_P57 wd_Q2001 bra_close 
how much is the population Iraq?,SELECT DISTINCT var_val WHERE bra_open wd_Q796 wdt_P1082 var_val sep_dot bra_close 
How many inhabitants does the largest city in Canada have?,SELECT DISTINCT var_val WHERE bra_open var_uri wdt_P17 wd_Q16 ; wdt_P31/wdt_P279* wd_Q515 ; wdt_P1082 var_val bra_close ORDER BY DESC( var_val) LIMIT 1
Who is the mayor of the capital of French Polynesia?,SELECT DISTINCT var_uri WHERE bra_open wd_Q30971 wdt_P36 var_capital sep_dot var_capital wdt_P6 var_uri sep_dot bra_close 
Give me all actors starring in movies directed by William Shatner.,SELECT DISTINCT var_uri WHERE bra_open var_movie wdt_P31 wd_Q11424 ; wdt_P57 wd_Q16297 ; wdt_P161 var_uri sep_dot bra_close 
How tall is Claudia Schiffer?,SELECT DISTINCT var_val WHERE bra_open wd_Q76717 wdt_P2048 var_val sep_dot bra_close 
how much is the population densty rank of germany?,SELECT (COUNT(DISTINCT var_country) as var_cnt) bra_open var_country wdt_P31 wd_Q6256 ; wdt_P1082 var_population ; wdt_P2046 var_area sep_dot wd_Q183 wdt_P1082 var_germanPopulation sep_dot wd_Q183 wdt_P2046 var_germanArea sep_dot BIND(( var_population/ var_area) AS var_density ) BIND(( var_germanPopulation/ var_germanArea) AS var_germanDensity ) FILTER( var_density > var_germanDensity) bra_close 
What is the highest mountain in Italy?,SELECT DISTINCT var_uri WHERE bra_open var_uri wdt_P31 wd_Q8502 ; wdt_P17 wd_Q38 ; wdt_P2044 var_elevation sep_dot bra_close ORDER BY DESC( var_elevation) LIMIT 1
List all games by GMT.,SELECT DISTINCT var_uri WHERE bra_open var_uri wdt_P31/wdt_P279* wd_Q11410 ; wdt_P123 wd_Q928726 sep_dot bra_close 
What is the official language of Suriname?,SELECT DISTINCT var_uri WHERE bra_open wd_Q730 wdt_P37 var_uri sep_dot bra_close 
In which city did Nikos Kazantzakis die?,SELECT DISTINCT var_uri WHERE bra_open wd_Q214622 wdt_P20 var_uri bra_close 
What is in a chocolate chip cookie?,SELECT DISTINCT var_uri WHERE bra_open wd_Q14169302 wdt_P527 var_uri bra_close 
In which country is the Limerick Lake?,SELECT DISTINCT var_uri WHERE bra_open wd_Q6386177 wdt_P17 var_uri sep_dot bra_close 
Give me all members of Prodigy.,SELECT DISTINCT var_uri WHERE bra_open var_uri wdt_P463 wd_Q7256860 sep_dot bra_close 
In which time zone is Rome?,SELECT DISTINCT var_uri WHERE bra_open wd_Q220 wdt_P421 var_uri bra_close 
Who are the writers of the Wall album of Pink Floyd?,SELECT DISTINCT var_uri WHERE bra_open wd_Q151114 wdt_P658 var_track sep_dot var_track wdt_P162 var_uri sep_dot bra_close 
Who is the mayor of Rotterdam?,SELECT DISTINCT var_uri WHERE bra_open wd_Q34370 wdt_P6 var_uri sep_dot bra_close 
What is the largest city in Australia?,SELECT DISTINCT var_uri WHERE bra_open var_uri wdt_P31/wdt_P279* wd_Q515 ; wdt_P17 wd_Q408 ; wdt_P1082 var_population sep_dot bra_close ORDER BY DESC( var_population) LIMIT 1
Who was married to president Chirac?,SELECT DISTINCT var_uri WHERE bra_open wd_Q2105 wdt_P26 var_uri sep_dot bra_close 
What form of government is found in South Africa?,SELECT var_uri WHERE bra_open wd_Q258 wdt_P122 var_uri sep_dot bra_close 
How high is the Yokohama Marine Tower?,SELECT DISTINCT var_num WHERE bra_open wd_Q1207989 wdt_P2048 var_num sep_dot bra_close 
Which holidays are celebrated around the world?,SELECT var_uri WHERE bra_open var_uri wdt_P31/wdt_P279* wd_Q1445650 sep_dot bra_close 
Who is the tallest basketball player?,SELECT DISTINCT var_uri WHERE bra_open var_uri wdt_P106 wd_Q3665646 ; wdt_P2048 var_height sep_dot bra_close ORDER BY DESC( var_height) LIMIT 1
How many languages are spoken in Turkmenistan?,SELECT (COUNT(DISTINCT var_uri) as var_c) WHERE bra_open wd_Q874 wdt_P2936 var_uri sep_dot bra_close 
Did Che Guevara have children?,ASK WHERE bra_open wd_Q5809 wdt_P40 var_uri sep_dot bra_close 
Did Kaurismäki ever win the Grand Prix at Cannes?,ASK WHERE bra_open wd_Q276186 wdt_P166 wd_Q844804 sep_dot bra_close 
To which party does the mayor of Paris belong?,SELECT DISTINCT var_uri WHERE bra_open wd_Q90 wdt_P6/wdt_P102 var_uri bra_close 
Who is the Formula 1 race driver with the most races?,SELECT DISTINCT var_uri WHERE bra_open var_uri wdt_P106 wd_Q10841764 ; wdt_P1350 var_num sep_dot bra_close ORDER BY DESC( var_num) LIMIT 1
What country is Sitecore from?,SELECT DISTINCT var_uri WHERE bra_open wd_Q2663195 wdt_P17 var_uri bra_close 
Give me the birth place of Frank Sinatra.,SELECT DISTINCT var_uri WHERE bra_open wd_Q40912 wdt_P19 var_uri bra_close 
Is Christian Bale starring in Velvet Goldmine?,ASK WHERE bra_open wd_Q1481540 wdt_P161 wd_Q45772 sep_dot bra_close 
Who is the son of Sonny and Cher?,SELECT DISTINCT var_uri WHERE bra_open var_uri wdt_P22 wd_Q179150 sep_dot var_uri wdt_P25 wd_Q12003 sep_dot bra_close 
What is the capital of Cameroon?,SELECT DISTINCT var_uri WHERE bra_open wd_Q1009 wdt_P36 var_uri bra_close 
Was Natalie Portman born in the United States?,ASK WHERE bra_open wd_Q37876 wdt_P19 var_uri sep_dot var_uri wdt_P17 wd_Q30 sep_dot bra_close 
Who is the oldest child of Meryl Streep?,SELECT DISTINCT var_uri WHERE bra_open wd_Q873 wdt_P40 var_uri sep_dot var_uri wdt_P569 var_date sep_dot bra_close ORDER BY ASC( var_date) LIMIT 1
Which television shows were created by Walt Disney?,SELECT DISTINCT var_uri WHERE bra_open var_uri wdt_P31/wdt_P279* wd_Q7725310 ; wdt_P170 wd_Q8704 sep_dot bra_close 
Was U.S. president Jackson involved in a war?,ASK WHERE bra_open wd_Q11817 wdt_P607 var_uri sep_dot bra_close 
When was the Titanic completed?,SELECT DISTINCT var_date WHERE bra_open wd_Q25173 wdt_P729 var_date sep_dot bra_close 
Did Tesla win a nobel prize in physics?,ASK WHERE bra_open wd_Q9036 wdt_P166 wd_Q38104 sep_dot bra_close 
How many states are in Mexico?,SELECT (COUNT( var_uri) AS var_count) WHERE bra_open var_uri wdt_P31 wd_Q15149663 sep_dot bra_close 
Which scientist is known for the Manhattan Project and the Nobel Peace Prize?,SELECT DISTINCT var_uri WHERE bra_open var_uri wdt_P1344 wd_Q127050 sep_dot var_scientist wdt_P279* wd_Q901 sep_dot var_uri wdt_P106 var_scientist sep_dot var_uri wdt_P166 wd_Q35637 sep_dot bra_close 
How much did the Lego Movie cost?,SELECT DISTINCT var_val WHERE bra_open wd_Q2608065 wdt_P2130 var_val bra_close 
Who composed the music for Harold and Maude?,SELECT var_uri WHERE bra_open wd_Q368577 wdt_P86 var_uri sep_dot bra_close 
List all episodes of the first season of the HBO television series The Sopranos.,SELECT DISTINCT var_uri WHERE bra_open var_uri wdt_P31 wd_Q21191270 sep_dot var_uri wdt_P361 wd_Q5274359 bra_close 
Which city has the least inhabitants?,SELECT DISTINCT var_uri WHERE bra_open var_uri wdt_P31 wd_Q515 ; wdt_P1082 var_population sep_dot bra_close ORDER BY var_population LIMIT 1
Where is Syngman Rhee buried?,SELECT DISTINCT var_uri WHERE bra_open wd_Q171684 wdt_P119 var_uri sep_dot bra_close 
Does Neymar play for Real Madrid?,ASK WHERE bra_open wd_Q142794 wdt_P54 wd_Q8682 bra_close 
Who wrote the book The Pillars of the Earth?,SELECT DISTINCT var_uri WHERE bra_open wd_Q1163227 wdt_P50 var_uri sep_dot bra_close 
Do Prince Harry and Prince William have the same parents?,ASK WHERE bra_open wd_Q152316 wdt_P22 var_father ; wdt_P25 var_mother sep_dot wd_Q36812 wdt_P22 var_father ; wdt_P25 var_mother sep_dot bra_close 
Who was the doctoral supervisor of Albert Einstein?,SELECT DISTINCT var_uri WHERE bra_open wd_Q937 wdt_P184 var_uri bra_close 
Does Breaking Bad have more episodes than Game of Thrones?,ASK WHERE bra_open wd_Q1079 wdt_P1113 var_nBbEpisodes sep_dot wd_Q23572 wdt_P1113 var_nGotEpisodes sep_dot FILTER( var_nBbEpisodes > var_nGotEpisodes) bra_close 
Who was Vincent van Gogh inspired by?,SELECT DISTINCT var_uri WHERE bra_open wd_Q5582 wdt_P737 var_uri sep_dot bra_close 
Which building after the Burj Khalifa has the most floors?,SELECT DISTINCT var_uri WHERE bra_open wd_Q12495 wdt_P1101 var_bkFloors sep_dot var_uri wdt_P1101 var_otherFloors sep_dot FILTER ( var_otherFloors > var_bkFloors) bra_close ORDER BY var_otherFloors LIMIT 1
How much did Pulp Fiction cost?,SELECT DISTINCT var_value WHERE bra_open wd_Q104123 wdt_P2130 var_value sep_dot bra_close 
Is proinsulin a protein?,ASK WHERE bra_open wd_Q426173 wdt_P31/wdt_P279* wd_Q8054 sep_dot bra_close 
Do Urdu and Persian have a common root?,ASK WHERE bra_open wd_Q1617 wdt_P279 var_uri sep_dot wd_Q9168 wdt_P279 var_uri sep_dot bra_close 
Who is starring in Spanish movies produced by Benicio del Toro?,SELECT DISTINCT var_uri WHERE bra_open var_movie wdt_P31 wd_Q11424 ; wdt_P162 wd_Q193668 ; wdt_P495 wd_Q29 ; wdt_P161 var_uri sep_dot bra_close 
Is Lake Baikal bigger than the Great Bear Lake?,ASK WHERE bra_open wd_Q5513 wdt_P2046 var_area1 sep_dot wd_Q5525 wdt_P2046 var_area2 sep_dot FILTER( var_area1 > var_area2) bra_close 
Show me all books in Asimov's Foundation series.,SELECT DISTINCT var_uri WHERE bra_open wd_Q1564644 wdt_P527 var_uri bra_close 
Where was Bach born?,SELECT DISTINCT var_uri WHERE bra_open wd_Q1339 wdt_P19 var_uri sep_dot bra_close 
Which city has the oldest running metro?,SELECT DISTINCT var_uri WHERE bra_open var_metro wdt_P31 wd_Q5503 ; wdt_P571 var_inception ; wdt_P131 var_uri sep_dot bra_close ORDER BY var_inception LIMIT 1
Who designed the Brooklyn Bridge?,SELECT DISTINCT var_uri WHERE bra_open wd_Q125006 wdt_P287 var_uri sep_dot bra_close 
How many people live in Eurasia?,SELECT DISTINCT var_val WHERE bra_open wd_Q5401 wdt_P1082 var_val sep_dot bra_close 
"What is the total population of Melbourne, Florida?",SELECT DISTINCT var_val WHERE bra_open wd_Q949779 wdt_P1082 var_val sep_dot bra_close 
What country is Mount Everest in?,SELECT DISTINCT var_uri WHERE bra_open wd_Q513 wdt_P17 var_uri sep_dot bra_close 
To which artistic movement did the painter of The Three Dancers belong?,SELECT DISTINCT var_uri WHERE bra_open wd_Q3235867 wdt_P170 var_painter sep_dot var_painter wdt_P135 var_uri sep_dot bra_close 
When did Operation Overlord commence?,SELECT DISTINCT var_date WHERE bra_open wd_Q8641370 wdt_P580 var_date sep_dot bra_close 
What is the bridge with the longest span?,"SELECT DISTINCT var_uri WHERE bra_open var_uri wdt_P31/wdt_P279* wd_Q12280 ; p_P2787 var_statement sep_dot var_statement psv_P2787 var_value sep_dot var_value wikibase_quantityAmount var_len sep_dot var_value wikibase_quantityUnit var_unit sep_dot BIND(IF( var_unit = wd_Q11573, var_len, IF( var_unit = wd_Q3710, var_len*0.3048, IF( var_unit = wd_Q253276, var_len*1609.34,IF( var_unit = wd_Q828224, var_len*1000, var_len)))) AS var_lenUnified) bra_close ORDER BY DESC( var_lenUnified) LIMIT 1"
Is there a video game called Battle Chess?,"ASK WHERE bra_open var_uri wdt_P31 wd_Q7889 sep_dot var_uri rdfs_label ""Battle Chess""@en bra_close "
Who was buried in the Great Pyramid of Giza?,SELECT DISTINCT var_uri WHERE bra_open var_uri wdt_P119 wd_Q3411252 sep_dot bra_close 
Did Socrates influence Aristotle?,ASK WHERE bra_open wd_Q868 wdt_P737 wd_Q913 sep_dot bra_close 
How many children did Benjamin Franklin have?,SELECT (COUNT(DISTINCT var_uri) as var_c) WHERE bra_open wd_Q34969 wdt_P40 var_uri sep_dot bra_close 
How tall is Michael Jordan?,SELECT DISTINCT var_val WHERE bra_open wd_Q41421 wdt_P2048 var_val sep_dot bra_close 
In which UK city are the headquarters of the MI6?,SELECT DISTINCT var_o1 WHERE bra_open wd_Q184560 wdt_P159 var_o1 sep_dot var_o1 wdt_P31 wd_Q515 sep_dot bra_close 
Who created Family Guy?,SELECT DISTINCT var_uri WHERE bra_open wd_Q5930 wdt_P170 var_uri bra_close 
Give me the grandchildren of Elvis Presley., SELECT DISTINCT var_o2 WHERE bra_open wd_Q303 wdt_P40 var_o1 sep_dot var_o1 wdt_P40 var_o2 bra_close 
When did the Ming dynasty dissolve?,SELECT DISTINCT var_date WHERE bra_open wd_Q9903 wdt_P576 var_date sep_dot bra_close 
In which military conflicts did Lawrence of Arabia participate?, SELECT DISTINCT var_o1 WHERE bra_open wd_Q170596 wdt_P607 var_o1 sep_dot bra_close 
What is the timezone in San Pedro de Atacama?, SELECT DISTINCT var_o1 WHERE bra_open wd_Q187893 wdt_P421 var_o1 sep_dot bra_close 
What did Bruce Carver die from?,SELECT DISTINCT var_o1 WHERE bra_open wd_Q4977246 wdt_P509 var_o1 sep_dot bra_close 
Does Abraham Lincoln's death place have a website?,ASK WHERE bra_open wd_Q91 wdt_P20 var_o1 sep_dot var_o1 wdt_P856 var_o2 sep_dot bra_close 
Did Elvis Presley have children?,ASK WHERE bra_open wd_Q303 wdt_P40 var_uri bra_close 
Is Michelle Obama the wife of Barack Obama?,ASK WHERE bra_open wd_Q76 wdt_P26 wd_Q13133 sep_dot bra_close 
In which city does Sylvester Stallone live?,SELECT DISTINCT var_uri WHERE bra_open wd_Q40026 wdt_P551 var_uri sep_dot var_uri wdt_P31 wd_Q515 sep_dot bra_close 
Which books by Kerouac were published by Viking Press?, SELECT DISTINCT var_s1 WHERE bra_open var_s1 wdt_P123 wd_Q921536 sep_dot var_s1 wdt_P31 wd_Q47461344 sep_dot var_s1 wdt_P50 wd_Q160534 sep_dot bra_close 
Who wrote the song Hotel California?,SELECT DISTINCT var_uri WHERE bra_open wd_Q780394 wdt_P86 var_uri bra_close 
What is the capital of Canada?,SELECT DISTINCT var_o1 WHERE bra_open wd_Q16 wdt_P36 var_o1 sep_dot bra_close 
Who is the mayor of Tel Aviv?,SELECT DISTINCT var_uri WHERE bra_open wd_Q33935 wdt_P6 var_uri sep_dot bra_close 
What form of government does Russia have?,SELECT DISTINCT var_uri WHERE bra_open wd_Q159 <p_P122> var_q sep_dot var_q <p_statement/P122> var_uri sep_dot FILTER NOT EXISTS bra_open var_q <p_qualifier/P582> var_x bra_close bra_close 
Show me the book that Muhammad Ali wrote.,SELECT DISTINCT var_uri WHERE bra_open var_uri wdt_P31 wd_Q571 sep_dot var_uri wdt_P50 wd_Q36107 sep_dot bra_close 
Who was the first to climb Mount Everest?,SELECT var_s WHERE bra_open var_b ps_P793 wd_Q1194369 sep_dot var_b pq_P642 wd_Q513 sep_dot var_s p_P793 var_b sep_dot bra_close 
How many languages are spoken in Colombia?, SELECT (COUNT( var_s1) as var_c) WHERE bra_open var_s1 var_p1 wd_Q739 sep_dot var_s1 wdt_P31 wd_Q34770 sep_dot bra_close 
What is the currency of the Czech Republic?,SELECT DISTINCT var_uri WHERE bra_open wd_Q213 wdt_P38 var_uri sep_dot bra_close 
When did Boris Becker end his active career?,SELECT DISTINCT var_date WHERE bra_open wd_Q76334 <p_P106>/<p_qualifier/P582> var_date bra_close 
Which movies starring Mickey Rourke were directed by Guy Ritchie?,SELECT var_s1 WHERE bra_open var_s1 wdt_P161 wd_Q178552 sep_dot var_s1 wdt_P57 wd_Q192990 sep_dot var_s1 wdt_P31 wd_Q11424 sep_dot bra_close 
In which films did Julia Roberts as well as Richard Gere play?,SELECT DISTINCT var_uri WHERE bra_open var_uri wdt_P31 wd_Q11424 sep_dot var_uri wdt_P161 wd_Q48410 sep_dot var_uri wdt_P161 wd_Q40523 sep_dot bra_close 
Show me Hemingway's autobiography.,SELECT DISTINCT var_uri WHERE bra_open var_uri wdt_P50 wd_Q23434 sep_dot var_uri wdt_P136 wd_Q4184 sep_dot bra_close 
How tall is Amazon Eve?,SELECT var_o1 bra_open wd_Q4740851 wdt_P2048 var_o1 sep_dot bra_close 
What are the five boroughs of New York?,SELECT DISTINCT var_uri WHERE bra_open var_uri wdt_P31 wd_Q408804 sep_dot bra_close 
Give me all Canadian Grunge record labels., SELECT var_s1 WHERE bra_open var_s1 wdt_P136 wd_Q11365 sep_dot var_s1 wdt_P31 wd_Q18127 sep_dot var_s1 wdt_P17 wd_Q16 sep_dot bra_close 
In which country does the Ganges start?, SELECT var_o2 WHERE bra_open wd_Q5089 wdt_P885 var_o1 sep_dot var_o1 wdt_P17 var_o2 sep_dot bra_close 
Who is the founder of Penguin Books?,SELECT var_o1 WHERE bra_open wd_Q1336200 wdt_P112 var_o1 sep_dot bra_close 
Who wrote the Game of Thrones theme?,SELECT DISTINCT var_uri WHERE bra_open wd_Q23572 wdt_P86 var_uri sep_dot bra_close 
Who is the president of Eritrea?,SELECT DISTINCT var_uri WHERE bra_open wd_Q986 wdt_P35 var_uri bra_close 
In which city did John F. Kennedy die?,SELECT DISTINCT var_uri WHERE bra_open wd_Q9696 wdt_P20/wdt_P131 var_uri sep_dot var_uri wdt_P31 wd_Q515 sep_dot bra_close 
What is the highest mountain in Australia?,SELECT DISTINCT var_uri WHERE bra_open var_uri wdt_P31 wd_Q8502 sep_dot var_uri wdt_P30 wd_Q3960 sep_dot var_uri wdt_P2044 var_height sep_dot bra_close ORDER BY DESC( var_height) LIMIT 1
Give me the currency of China.,SELECT var_o1 WHERE bra_open wd_Q148 wdt_P38 var_o1 sep_dot bra_close 
Give me all Swedish oceanographers.,SELECT var_s1 WHERE bra_open var_s1 wdt_P27 wd_Q34 sep_dot var_s1 wdt_P106 wd_Q3546255 sep_dot bra_close 
In which city are the headquarters of the United Nations?,SELECT DISTINCT var_uri WHERE bra_open wd_Q11297 wdt_P131 var_uri sep_dot bra_open var_uri wdt_P31 wd_Q515 sep_dot bra_close UNION bra_open var_uri wdt_P31/wdt_P279 wd_Q515 sep_dot bra_close bra_close 
Is Rita Wilson the wife of Tom Hanks?,ASK WHERE bra_open wd_Q2263 wdt_P26 wd_Q234144 sep_dot bra_close 
In which countries do people speak Japanese?,SELECT DISTINCT var_uri WHERE bra_open var_uri wdt_P31 wd_Q6256 sep_dot var_uri wdt_P37 wd_Q5287 sep_dot bra_close 
Which of Tim Burton's films had the highest budget?, SELECT DISTINCT var_s1 WHERE bra_open var_s1 var_p1 wd_Q56008 sep_dot var_s1 wdt_P31 wd_Q11424 sep_dot var_s1 wdt_P2769 var_o1 bra_close order by var_o1 limit 1
Which museum in New York has the most visitors?, SELECT var_s1 WHERE bra_open var_s1 wdt_P159 wd_Q60 sep_dot var_s1 wdt_P31 wd_Q33506 sep_dot var_s1 wdt_P1174 var_o1 bra_close order by var_o1 limit 1
What was the first Queen album?,SELECT DISTINCT var_uri WHERE bra_open var_uri wdt_P31 wd_Q482994 sep_dot var_uri wdt_P175 wd_Q15862 sep_dot var_uri wdt_P577 var_date bra_close ORDER BY var_date LIMIT 1
What was the last movie with Alec Guinness?,SELECT DISTINCT var_s1 WHERE bra_open var_s1 wdt_P31 wd_Q11424 sep_dot var_s1 wdt_P161 wd_Q103894 sep_dot var_s1 wdt_P577 var_o1 sep_dot bra_close order by DESC( var_o1) limit 1
Give me all actors starring in Last Action Hero.,SELECT var_o1 WHERE bra_open wd_Q858840 wdt_P161 var_o1 sep_dot bra_close 
Who discovered Pluto?,SELECT var_o1 WHERE bra_open wd_Q339 wdt_P61 var_o1 sep_dot var_o1 wdt_P31 wd_Q5 sep_dot bra_close 
